id,name,email,city
1,Dewain Jouanny,djouanny0@tuttocitta.it,Karipidita
2,Eve Dory,edory1@mozilla.org,Capacmarca
3,D'arcy Benedict,dbenedict2@qq.com,Xujiadian
4,Arda Engelmann,aengelmann3@hexun.com,Gradac
5,Braden Wohler,bwohler4@51.la,La Loma
6,Lorna Goldster,lgoldster5@nasa.gov,Gabasumdo
7,Merl Snalom,msnalom6@cloudflare.com,Lima
8,Janice Gopsall,jgopsall7@mlb.com,Santa Ana
9,Matthew Dearle-Palser,mdearlepalser8@nifty.com,Mangulewa
10,Albertina Purshouse,apurshouse9@lulu.com,Malvern
11,Kirby Streeter,kstreetera@cpanel.net,Itararé
12,Maddi Hiner,mhinerb@opensource.org,Cabadiangan
13,Nathalia Hirsch,nhirschc@mayoclinic.com,Chorotis
14,Mamie Yallowley,myallowleyd@sourceforge.net,Saint-Jean-de-Braye
15,Annetta Ussher,ausshere@xrea.com,Pyetrykaw
16,Tad McNeil,tmcneilf@people.com.cn,Darband
17,Giana Whitefoot,gwhitefootg@shareasale.com,Sada
18,Philipa Casolla,pcasollah@cmu.edu,Al Wuday‘
19,Gennie Gelletly,ggelletlyi@techcrunch.com,Drammen
20,Chase Stephens,cstephensj@photobucket.com,Korenëvo
21,Gilbertine Casali,gcasalik@msn.com,Ramos
22,Maybelle Vreede,mvreedel@youtube.com,Phayuha Khiri
23,Helga Brandon,hbrandonm@123-reg.co.uk,Mae Hi
24,Shanna Kezor,skezorn@wikimedia.org,Biryulëvo Zapadnoye
25,Ilyse Casey,icaseyo@devhub.com,Nyalindung
26,Alameda Varfolomeev,avarfolomeevp@ed.gov,Bromma
27,Basile Voller,bvollerq@ezinearticles.com,Xinqiao
28,Leroi Philcott,lphilcottr@gravatar.com,Eksjö
29,Keen Wooldridge,kwooldridges@sun.com,Si Narong
30,Livvie Meeke,lmeeket@fc2.com,Arísvi
31,Batsheva Persicke,bpersickeu@google.pl,Cartagena
32,Benny Leaming,bleamingv@guardian.co.uk,Concepción de la Barranca
33,Rockie Giovannacci,rgiovannacciw@marriott.com,Rokytne
34,Nico Wink,nwinkx@topsy.com,Rude
35,Odelia Anyene,oanyeney@plala.or.jp,Puncaksari
36,Orella Hazelgreave,ohazelgreavez@oaic.gov.au,Kuala Lumpur
37,Bernard Dullingham,bdullingham10@fc2.com,Yanggang
38,Sonny Guare,sguare11@hud.gov,Itagüí
39,Letitia Horlick,lhorlick12@wsj.com,Tidaholm
40,Stewart Swate,sswate13@shareasale.com,Wangong
41,Lazaro Lorkins,llorkins14@miibeian.gov.cn,Yabēlo
42,Creigh Vuittet,cvuittet15@wikipedia.org,Cabiao
43,Tymothy Phateplace,tphateplace16@spiegel.de,San Rafael
44,Annmaria Gavrielly,agavrielly17@cornell.edu,Idanha-a-Nova
45,Drucill Tomblett,dtomblett18@blogspot.com,Jacaraú
46,Cathryn Bleeze,cbleeze19@nsw.gov.au,Kozel’shchyna
47,Betti Diment,bdiment1a@utexas.edu,Liandu
48,Bette-ann Primrose,bprimrose1b@so-net.ne.jp,Geneng
49,Dasha Grichukhanov,dgrichukhanov1c@wikispaces.com,Leiden
50,Caria Hanhardt,chanhardt1d@va.gov,Gojō